Message,Link,ImageURL,VideoURL,Month(1-12),Day(1-31),Year,Hour,Minute(0-59),PinTitle,Category,Watermark,HashtagGroup,VideoThumbnailURL,CTAGroup,FirstComment,PinterestBoard,AltText
النظري و العملي في المعرفة,https://lal-c.blogspot.com/2025/09/blog-post_18.html,,,,,,,,,,,,,,,,
المهنة و الوظيفة و العمل في الصناعة التقنية,https://lal-c.blogspot.com/2025/09/blog-post_17.html,https://blogger.googleusercontent.com/img/b/R29vZ2xl/AVvXsEha3-h2GDNdFjerwLX9kP-JIfMw1EAIyUjytrCB0dTTJvdpp1bGENpp0XRoYE5j9XiZdvlYNBCQJIRoQger1Ck2ZCoabWyxb17YSKe4nBbSbGAG88K7SMzMYP5A3AqKKKatqbGRpPIns45wyO1Z62fJ-eB14pViGThpLfys6GyCY1BlSEmawxNGhXZCDk4/s16000/1000233883.jpg,,,,,,,,,,,,,,,
جزيرة الإستقرار و قوارب النجاة,https://lal-c.blogspot.com/2025/09/blog-post_90.html,https://blogger.googleusercontent.com/img/b/R29vZ2xl/AVvXsEimzERDcyR8OgrgErD_HoBIOLLMmwT-MgfytxXMj08_KfhVBIqyp8W-5nCPesmatlOD_JIgqOjs4S_TkFhHY1POAalOD7R80aIvskUlJXCmEE1Kb-MSmAfPdzifOcB_8QO0bqh2hBCU2KwNnbmn6UPhHlC8djLRoz3rZN-9_Coy6o7m8Esi-xWvD-_F3-s/s16000/1000231712.jpg,,,,,,,,,,,,,,,
نماذج الأعمال المركزية و اللامركزية,https://lal-c.blogspot.com/2025/09/blog-post_4.html,https://blogger.googleusercontent.com/img/b/R29vZ2xl/AVvXsEiQsUGDd2viFAlWpsmLU4vD7aVov_6JgrDR7gxp5GNkG6liFvwtRjf-qEmNkbOuHtXpPZSAphfamR9KMseqAG6yuFrjTwlyazmcdqrUw8f8HBR40TgioyByDJds1jxyeNN_xu-Mypq8CzovNyUvgCt9g_ptJr2p5LYMIRUd9l1vd7W9zDg7YV7wVjM09sM/s320/1000231266.jpg,,,,,,,,,,,,,,,
التكامل المأمول في المجال التقني,https://lal-c.blogspot.com/2025/09/blog-post_3.html,https://blogger.googleusercontent.com/img/b/R29vZ2xl/AVvXsEhyQeL5UVmYiPgPr5pOrn7KgUHPswItmTCfCIZOhZsbd5YTr1RrH0NoYSS64o4Q5dz5og7RmcZ9RWCgNnsPema96pirCz1cLspNJErbwJnqTXysgmXCEffqI0DoaHIACg3m3PYQWCP340HWQpPByh2hOTPt4v8lh1RAZWMaOMvXiqdDB0WOBhTuCc2aURQ/s16000/1000230904.jpg,,,,,,,,,,,,,,,
الغاية و الوسيلة و الألة في الصناعة التقنية,https://lal-c.blogspot.com/2025/09/blog-post.html,https://blogger.googleusercontent.com/img/b/R29vZ2xl/AVvXsEgz0GpdbLpuQVGPwtXc-0HZOzqoyFKh8wLufDaRuAsFTNO2angrz5ok0VeRcpys1gN0YkeWnhmYMuaT5SecHsJ3M4KtfuYle0KF1qf_CIEMP5-saWBgf7o_qYjG1l9TWsJTcjy7FnsuLNIUpnRAypa71M56w5uCTJv0_1-SjBcBOwtWMGeDe2pLVVEl_30/s16000/1000230332.jpg,,,,,,,,,,,,,,,
المنتج الذهبي والفكرة ألماظة,https://lal-c.blogspot.com/2025/08/blog-post_16.html,https://blogger.googleusercontent.com/img/b/R29vZ2xl/AVvXsEjl44eOZLrCfiiWsgzfXgZ4Onpv3N_5CZ-dYKRiiRWiP-Vxq1Z3SketsbUgy-UYPbZf_X_Ghbfxc8jvwV-egwYwAXnO2hEbEdFaUU6XXQGBIG9g871H8v1AxKIec0xgPTcPW_Dt34RHBR_JIqZLvaizPKABPf-M-A4502YPR_siDMnUq-_Ni5xrc2Wpbvs/s16000/diamind-and-light.jpg,,,,,,,,,,,,,,,
مراحل المشروع من الفكرة الى المنتج,https://lal-c.blogspot.com/2025/08/blog-post_4.html,,,,,,,,,,,,,,,,
أنواع مواقع التجارة الالكترونية,https://lal-c.blogspot.com/2025/07/blog-post.html,,,,,,,,,,,,,,,,
Vibe Coding | البرمجة الإنسيابية,https://lal-c.blogspot.com/2025/07/vibe-coding.html,https://blogger.googleusercontent.com/img/b/R29vZ2xl/AVvXsEgpYgTr5pIxTEpmw1UdDDIdtyMx7ngJ5JX8l7O98T6Yc8-a3Re9gxg3OucOHg28aqqqDHfvfCLPEEcB9JwmVEgdid7O_KD-XL2DqgPhUvSji3qGYtDxKrzbNTyUMjru2736d0HIVtWn0YD0S8Typ05Jfj5w05fsCvHUvb4z0emttGSW4VXfZEMRWBzjGyY/s16000/ti-O-A_marefah_tanzeem.png,,,,,,,,,,,,,,,
Open Source Projects | المشاريع الشعبية المفتوحة,https://lal-c.blogspot.com/2025/06/open-source-projects.html,https://blogger.googleusercontent.com/img/b/R29vZ2xl/AVvXsEhU5SdeMb6KLLy80NSP7z6JZF1op4ah7XOc3896LjRSqrPQN6nT8_jDlWQbnozxf4IoRSm-zn8w3z6f3KHOqerrXH7RiIXCdAbpzBm172RAcNLjBvNsezPmqSxiGdLOCNeoaqgqNCQ021akJX4HWfheqB8lK0pQ6HhLLU-y9CqNCucl3SG3qAIIBnsT3rs/s16000/bena-O-H_edarah_tanzeem_tareef.jpg,,,,,,,,,,,,,,,
OPL - Open Project License | ترخيص المشروع المفتوح,https://lal-c.blogspot.com/2025/03/opl-open-project-license.html,https://blogger.googleusercontent.com/img/b/R29vZ2xl/AVvXsEir4Ft3PtURhA6rRAgyDI1xAN6cWnPOev_SoMXM-zQotKyzloU5St_ldxB0A7hGaOW620NqFetU3XN3bzqNU3ceoqAr59UKQvO4GmQsGDxdeUPJNTsvTpQ00ht79IIEvIjIBXq6qPBlDJV8KoJRYJ81yA8z4QIdNHOCeAwPt7uJBEowQeMEV7h0kF_ikf4/w234-h320/osl-logo.png,,,,,,,,,,,,,,,
Beacons | the degital light house for devices,https://lal-c.blogspot.com/2025/03/beacons-degital-light-house-for-devices.html,,,,,,,,,,,,,,,,
Aseel Language,https://lal-c.blogspot.com/2025/03/aseel-language.html,https://blogger.googleusercontent.com/img/b/R29vZ2xl/AVvXsEjRH4Qk1yGZOo9cYH-HrhlCEbgCjsnoh_YGNjQHu9G93SHKjDKQjK97_82YCkYJwmCmMu43BAZm_Cpl6CSxBkOjOMndxvLIfPDJee28-YMjeO05iRE9IbgvmOJxAdflRVcEstzQyfTPoE5tvgOAhTbLv0iU8-FhYPuSB9Kq2vlbvVnG02D5eOUl5fTFFZw/s16000/aseel_logo.png,,,,,,,,,,,,,,,
Speed Up the Terminal in Linux,https://lal-c.blogspot.com/2025/01/speed-up-terminal-in-linux.html,https://blogger.googleusercontent.com/img/b/R29vZ2xl/AVvXsEjTmtW-mnnn3TdWkLk-IRzkBZmsi2jV7bPEmy82d8zpsYAzdq7MeO0HTd5YonbmGIwxcipTaN9gP8hFTj_3aNx_yQBpZ8m2JF3BoeExE3VqMNgAPjuc_uxFu5_MJT4HULnTYT63GxQe6Ub5ehz-71ybOUcXPgYsW8VbSeg9Wob_ncLyGoOu3I_Dk85FwJ4/w640-h358/hero_termium.png,,,,,,,,,,,,,,,
Inmo | إنموذج,https://lal-c.blogspot.com/2025/01/inmo.html,https://blogger.googleusercontent.com/img/b/R29vZ2xl/AVvXsEgaFsaOzvTDOu4i0Du3KwjHUpqBQvrUScplxeaSvJXz0wuWirVPesYusj5cHwKBfenvGozF1l1qc86aLosDgxBSPGHKmtAc0bbPDkECqO-KCm0FNSi4MZ3t_yx0iC0IsuR6r8N8loXCJAj5m4IKBZUVpJb1ipeLkWt9X4TS-et4Ew6It_p0YrKZIyv0gZ8/w400-h383/logo.png,,,,,,,,,,,,,,,
ubuntu | vscode | remove window title bar,https://lal-c.blogspot.com/2023/10/ubuntu-vscode-remove-window-title-bar.html,https://blogger.googleusercontent.com/img/b/R29vZ2xl/AVvXsEjR04tKgxhqGjmRfOEYqu5lKph6tmayXF0gtk47Ofa-0O_A6RjPAJ2TbLFJeh7LT4yncpIUKLxcxjjIKMKpLZfeTMtDx8BvRCnh4_kGcXKfNMIM8g_ID_-B3ObXAyaMhY2ObTlTA4EFaDbCd4uABqMHMZnMqgd6oBzCnUYek9m9jSJNpW7LfsSGm7FQeHE/s16000/Screenshot%20from%202023-10-05%2017-34-34.png,,,,,,,,,,,,,,,
online certification guide for developers,https://lal-c.blogspot.com/2023/09/online-certification-guide-for.html,https://blogger.googleusercontent.com/img/b/R29vZ2xl/AVvXsEhnYVi9L49X0m3Nz28CIEEYGoxhah_eHQ70SyTAV97IYnmB-y_JF2pKhAqq2iBlD1PnL8WkAp9GxFZn4xSWOtsu8opAXaF9bpoumlYExO0x8t3XQXr6f5LafkJdYTVUt9NzqEUT9D6Drme6WPHcTh3fUgyr_1uyCTzEE6Ny1n6G4dRjYUzWSNCm8gIoCp0/s16000/Tips-launch-successful-online-certification-training-course.jpg,,,,,,,,,,,,,,,
enabling hibernation in ubuntu and let the system do it automatically on idel,https://lal-c.blogspot.com/2023/09/enabling-hibernation-in-ubuntu-and-let.html,https://linuxhint.com/wp-content/uploads/2023/06/a-screenshot-of-a-computer-description-automatica-23.png,,,,,,,,,,,,,,,
The History Behind the New Twittter Logo (X) ( X Windows System ),https://lal-c.blogspot.com/2023/07/the-history-behind-twittter-x-x-windows.html,https://blogger.googleusercontent.com/img/b/R29vZ2xl/AVvXsEg2keursF_vC6r8cwy5Av3k49dmgPFyvwJebBHGpP3bNkGXp5AnnzeW_6tA2L2xBCx6Z-BODuG3xQPWFYI6dYcLVnsKMxntDUWrqBtdS4oRUt-TEEvCdVx8QndhSez49bQ_Z773IdUrR1oZ2gPYzXQBbKRiFlFj15KZRJEs7Ku75KN8lBT7zbXyhk0OmCk/w640-h360/Untitled.png,,,,,,,,,,,,,,,
أول الة كاتبة تم تطويرها باستخدام أدوات موسيقية,https://lal-c.blogspot.com/2023/05/blog-post_18.html,https://blogger.googleusercontent.com/img/b/R29vZ2xl/AVvXsEgE8giMrNdqpiuKLtDRHLA-ZjVQyKcevuiqu7OGZisnVWXUUYMmcafQZpy6ElU8hSKztwR07vD4F4wnzAGFvojej0b0aCzVfKZD-nIYzv-qf4agIDj7RrkEUQd3uFohpxpCf47Z4Y1byolNHwEbRLUSCu0RXrBHbRO1XFgBU773kOMJsQdgSjOvYR3V/w640-h512/type-writer-patent-1868.gif,,,,,,,,,,,,,,,
PrismJS | how to implement it in blogger to make your code bloks look better,https://lal-c.blogspot.com/2023/05/prismjs-how-to-implement-it-in-blogger.html,https://blogger.googleusercontent.com/img/b/R29vZ2xl/AVvXsEh3XhcLahR0oe4KdzS73Lk7vCp3lh9ou9Tf-GhVnmOouovlUx5Q5V2k6ZMvs6YNoQEZvJL0v9hSBzd8VwfLPvcmnM3suMBTpMdEeVttERz2HNC9iROCMCIde3TxmsxuyVo9DNJCNs9o6FAaMHvCbu2Gsukwdl5GLwKMeQ6JytKZVGb6worUxC8yqNPo/w640-h360/l4p2bz7pj47fxn2tghsc.jpg,,,,,,,,,,,,,,,
"Bash | bulding a script to handle media operations split, merge and convert for all formats and a single executable script",https://lal-c.blogspot.com/2023/05/bash-bulding-script-to-handle-media.html,https://blogger.googleusercontent.com/img/b/R29vZ2xl/AVvXsEijYgBDqN0nnf7jlauNaTK0v8TRipYqxFxseQOue8UlyYB1gEtdTFTz1OHEMJ4wfc2PRMHdjM0Xu-RbaigC8qGXTblqeh7A250a467rv1z24MR0MRBprO9iu_YWW8SHLhvjUku5nX2s2QvtHczY-GIwbPDPoYwO1tcm_F54pnEue99Kv2VlqKpZEQ_0/s16000/bash-media.jpg,,,,,,,,,,,,,,,
Create a basic bash script that allows users to execute and pass parameters and tags,https://lal-c.blogspot.com/2023/05/create-basic-bash-script-that-allows.html,https://blogger.googleusercontent.com/img/b/R29vZ2xl/AVvXsEgkAT9lSoYzp7r8CHD0mthWNgEYKjRob4kPXc7CvpThc93WEvb_wm7xts6ZqMS0yLeyPD3G_awH4SkcCr3amG9e-mUH9nxR0GmZ-jnEg7bCkYw-Sw8WGGO3bFBeTNeLo3p8G47fF3K-L4xNvWuLKvD6GT4YhQw3Esgb_ktNrqJngXvQHGwwW8-4Edvo/w640-h360/executing-bash-script-on-multiple-remote-server.jpg,,,,,,,,,,,,,,,
